filename,label
class2/putih_campuran67.jpg,class2
class7/birutua186.jpg,class7
class6/birulangit11.jpg,class6
class6/birulangit110.jpg,class6
class11/hitam61.jpg,class11
class5/hijaumuda166.jpg,class5
class1/putih34.jpg,class1
class8/coklat133.jpg,class8
class12/merah13.jpg,class12
class8/coklat49.jpg,class8
class11/hitam185.jpg,class11
class9/emas93.jpg,class9
class1/putih170.jpg,class1
class10/hijautua148.jpg,class10
class7/birutua21.jpg,class7
class8/coklat51.jpg,class8
class12/merah159.jpg,class12
class12/merah111.jpg,class12
class10/hijautua114.jpg,class10
class12/merah39.jpg,class12
class8/coklat69.jpg,class8
class1/putih31.jpg,class1
class3/kuning196.jpg,class3
class7/birutua164.jpg,class7
class2/putih_campuran54.jpg,class2
class12/merah75.jpg,class12
class13/orange64.jpg,class13
class9/emas158.jpg,class9
class7/birutua134.jpg,class7
class5/hijaumuda65.jpg,class5
class4/kuning_campuran86.jpg,class4
class1/putih14.jpg,class1
class8/coklat18.jpg,class8
class5/hijaumuda178.jpg,class5
class6/birulangit214.jpg,class6
class12/merah128.jpg,class12
class5/hijaumuda2.jpg,class5
class3/kuning100.jpg,class3
class1/putih100.jpg,class1
class13/orange54.jpg,class13
class9/emas36.jpg,class9
class11/hitam174.jpg,class11
class12/merah60.jpg,class12
class3/kuning128.jpg,class3
class5/hijaumuda99.jpg,class5
class10/hijautua42.jpg,class10
class10/hijautua100.jpg,class10
class6/birulangit171.jpg,class6
class2/putih_campuran72.jpg,class2
class1/putih144.jpg,class1
class9/emas3.jpg,class9
class13/orange9.jpg,class13
class12/merah150.jpg,class12
class9/emas10.jpg,class9
class5/hijaumuda160.jpg,class5
class3/kuning139.jpg,class3
class13/orange1.jpg,class13
class2/putih_campuran219.jpg,class2
class13/orange151.jpg,class13
class11/hitam62.jpg,class11
class10/hijautua74.jpg,class10
class13/orange94.jpg,class13
class8/coklat181.jpg,class8
class13/orange10.jpg,class13
class7/birutua14.jpg,class7
class12/merah132.jpg,class12
class2/putih_campuran87.jpg,class2
class9/emas18.jpg,class9
class6/birulangit59.jpg,class6
class6/birulangit154.jpg,class6
class12/merah6.jpg,class12
class12/merah139.jpg,class12
class2/putih_campuran244.jpg,class2
class4/kuning_campuran5.jpg,class4
class12/merah181.jpg,class12
class11/hitam135.jpg,class11
class3/kuning186.jpg,class3
class5/hijaumuda228.jpg,class5
class13/orange196.jpg,class13
class9/emas86.jpg,class9
class13/orange45.jpg,class13
class5/hijaumuda159.jpg,class5
class10/hijautua123.jpg,class10
class12/merah34.jpg,class12
class12/merah87.jpg,class12
class7/birutua81.jpg,class7
class9/emas107.jpg,class9
class11/hitam38.jpg,class11
class4/kuning_campuran40.jpg,class4
class5/hijaumuda29.jpg,class5
class11/hitam94.jpg,class11
class12/merah116.jpg,class12
class6/birulangit46.jpg,class6
class5/hijaumuda53.jpg,class5
class13/orange27.jpg,class13
class5/hijaumuda188.jpg,class5
class10/hijautua165.jpg,class10
class2/putih_campuran11.jpg,class2
class10/hijautua15.jpg,class10
class3/kuning18.jpg,class3
class3/kuning6.jpg,class3
class3/kuning86.jpg,class3
class11/hitam164.jpg,class11
class8/coklat29.jpg,class8
class9/emas114.jpg,class9
class9/emas31.jpg,class9
class3/kuning89.jpg,class3
class1/putih177.jpg,class1
class6/birulangit223.jpg,class6
class9/emas106.jpg,class9
class4/kuning_campuran193.jpg,class4
class11/hitam57.jpg,class11
class12/merah112.jpg,class12
class13/orange95.jpg,class13
class9/emas134.jpg,class9
class11/hitam194.jpg,class11
class4/kuning_campuran199.jpg,class4
class4/kuning_campuran32.jpg,class4
class10/hijautua166.jpg,class10
class3/kuning195.jpg,class3
class7/birutua39.jpg,class7
class4/kuning_campuran81.jpg,class4
class4/kuning_campuran98.jpg,class4
class9/emas118.jpg,class9
class6/birulangit133.jpg,class6
class9/emas110.jpg,class9
class7/birutua117.jpg,class7
class6/birulangit36.jpg,class6
class6/birulangit6.jpg,class6
class1/putih55.jpg,class1
class6/birulangit136.jpg,class6
class12/merah84.jpg,class12
class3/kuning115.jpg,class3
class8/coklat86.jpg,class8
class6/birulangit140.jpg,class6
class5/hijaumuda145.jpg,class5
class3/kuning84.jpg,class3
class2/putih_campuran217.jpg,class2
class10/hijautua181.jpg,class10
class12/merah46.jpg,class12
class4/kuning_campuran21.jpg,class4
class12/merah193.jpg,class12
class5/hijaumuda31.jpg,class5
class3/kuning49.jpg,class3
class7/birutua149.jpg,class7
class6/birulangit66.jpg,class6
class6/birulangit188.jpg,class6
class8/coklat168.jpg,class8
class10/hijautua194.jpg,class10
class3/kuning143.jpg,class3
class5/hijaumuda47.jpg,class5
class2/putih_campuran107.jpg,class2
class3/kuning135.jpg,class3
class2/putih_campuran132.jpg,class2
class3/kuning141.jpg,class3
class6/birulangit163.jpg,class6
class10/hijautua77.jpg,class10
class2/putih_campuran60.jpg,class2
class10/hijautua147.jpg,class10
class7/birutua9.jpg,class7
class10/hijautua170.jpg,class10
class4/kuning_campuran47.jpg,class4
class2/putih_campuran193.jpg,class2
class11/hitam124.jpg,class11
class5/hijaumuda13.jpg,class5
class10/hijautua146.jpg,class10
class13/orange81.jpg,class13
class5/hijaumuda127.jpg,class5
class12/merah9.jpg,class12
class13/orange204.jpg,class13
class6/birulangit26.jpg,class6
class1/putih78.jpg,class1
class11/hitam109.jpg,class11
class12/merah114.jpg,class12
class4/kuning_campuran6.jpg,class4
class12/merah134.jpg,class12
class5/hijaumuda155.jpg,class5
class12/merah160.jpg,class12
class10/hijautua98.jpg,class10
class4/kuning_campuran144.jpg,class4
class8/coklat25.jpg,class8
class7/birutua180.jpg,class7
class5/hijaumuda202.jpg,class5
class7/birutua174.jpg,class7
class4/kuning_campuran131.jpg,class4
class2/putih_campuran118.jpg,class2
class8/coklat105.jpg,class8
class4/kuning_campuran119.jpg,class4
class7/birutua29.jpg,class7
class12/merah171.jpg,class12
class10/hijautua82.jpg,class10
class7/birutua148.jpg,class7
class10/hijautua23.jpg,class10
class1/putih198.jpg,class1
class11/hitam192.jpg,class11
class3/kuning27.jpg,class3
class9/emas40.jpg,class9
class3/kuning181.jpg,class3
class2/putih_campuran137.jpg,class2
class8/coklat122.jpg,class8
class1/putih30.jpg,class1
class7/birutua16.jpg,class7
class11/hitam142.jpg,class11
class5/hijaumuda139.jpg,class5
class6/birulangit192.jpg,class6
class4/kuning_campuran112.jpg,class4
class10/hijautua222.jpg,class10
class11/hitam201.jpg,class11
class1/putih122.jpg,class1
class11/hitam158.jpg,class11
class9/emas184.jpg,class9
class12/merah80.jpg,class12
class13/orange193.jpg,class13
class13/orange161.jpg,class13
class7/birutua119.jpg,class7
class5/hijaumuda147.jpg,class5
class12/merah66.jpg,class12
class9/emas74.jpg,class9
class1/putih162.jpg,class1
class2/putih_campuran58.jpg,class2
class6/birulangit202.jpg,class6
class3/kuning174.jpg,class3
class11/hitam28.jpg,class11
class10/hijautua137.jpg,class10
class2/putih_campuran34.jpg,class2
class7/birutua197.jpg,class7
class11/hitam40.jpg,class11
class11/hitam165.jpg,class11
class5/hijaumuda21.jpg,class5
class1/putih167.jpg,class1
class6/birulangit213.jpg,class6
class3/kuning34.jpg,class3
class5/hijaumuda217.jpg,class5
class7/birutua140.jpg,class7
class12/merah67.jpg,class12
class10/hijautua116.jpg,class10
class6/birulangit81.jpg,class6
class9/emas73.jpg,class9
class9/emas189.jpg,class9
class3/kuning13.jpg,class3
class10/hijautua97.jpg,class10
class7/birutua44.jpg,class7
class7/birutua40.jpg,class7
class13/orange110.jpg,class13
class7/birutua160.jpg,class7
class4/kuning_campuran57.jpg,class4
class2/putih_campuran96.jpg,class2
class8/coklat80.jpg,class8
class2/putih_campuran174.jpg,class2
class8/coklat117.jpg,class8
class2/putih_campuran116.jpg,class2
class7/birutua64.jpg,class7
class9/emas76.jpg,class9
class13/orange51.jpg,class13
class8/coklat85.jpg,class8
class12/merah14.jpg,class12
class3/kuning24.jpg,class3
class13/orange15.jpg,class13
class13/orange114.jpg,class13
class4/kuning_campuran140.jpg,class4
class3/kuning158.jpg,class3
class1/putih199.jpg,class1
class3/kuning157.jpg,class3
class9/emas26.jpg,class9
class1/putih79.jpg,class1
class4/kuning_campuran31.jpg,class4
class11/hitam120.jpg,class11
class10/hijautua35.jpg,class10
class5/hijaumuda174.jpg,class5
class10/hijautua168.jpg,class10
class8/coklat174.jpg,class8
class3/kuning185.jpg,class3
class7/birutua173.jpg,class7
class6/birulangit54.jpg,class6
class3/kuning108.jpg,class3
class8/coklat193.jpg,class8
class7/birutua161.jpg,class7
class11/hitam113.jpg,class11
class1/putih51.jpg,class1
class5/hijaumuda123.jpg,class5
class1/putih131.jpg,class1
class4/kuning_campuran2.jpg,class4
class7/birutua196.jpg,class7
class3/kuning119.jpg,class3
class7/birutua102.jpg,class7
class1/putih175.jpg,class1
class3/kuning171.jpg,class3
class9/emas51.jpg,class9
class3/kuning114.jpg,class3
class8/coklat100.jpg,class8
class10/hijautua108.jpg,class10
class9/emas95.jpg,class9
class3/kuning130.jpg,class3
class13/orange195.jpg,class13
class6/birulangit116.jpg,class6
class10/hijautua118.jpg,class10
class5/hijaumuda222.jpg,class5
class11/hitam75.jpg,class11
class6/birulangit5.jpg,class6
class8/coklat102.jpg,class8
class13/orange139.jpg,class13
class1/putih149.jpg,class1
class8/coklat190.jpg,class8
class9/emas56.jpg,class9
class7/birutua104.jpg,class7
class12/merah152.jpg,class12
class4/kuning_campuran182.jpg,class4
class9/emas101.jpg,class9
class6/birulangit83.jpg,class6
class10/hijautua43.jpg,class10
class7/birutua89.jpg,class7
class3/kuning184.jpg,class3
class1/putih63.jpg,class1
class9/emas45.jpg,class9
class1/putih45.jpg,class1
class9/emas22.jpg,class9
class9/emas195.jpg,class9
class10/hijautua56.jpg,class10
class3/kuning175.jpg,class3
class11/hitam140.jpg,class11
class4/kuning_campuran64.jpg,class4
class13/orange149.jpg,class13
class8/coklat23.jpg,class8
class5/hijaumuda175.jpg,class5
class11/hitam186.jpg,class11
class6/birulangit86.jpg,class6
class10/hijautua138.jpg,class10
class4/kuning_campuran101.jpg,class4
class1/putih195.jpg,class1
class8/coklat196.jpg,class8
class5/hijaumuda154.jpg,class5
class12/merah32.jpg,class12
class7/birutua1.jpg,class7
class8/coklat167.jpg,class8
class7/birutua136.jpg,class7
class5/hijaumuda199.jpg,class5
class4/kuning_campuran108.jpg,class4
class7/birutua171.jpg,class7
class8/coklat141.jpg,class8
class7/birutua175.jpg,class7
class1/putih107.jpg,class1
class13/orange163.jpg,class13
class12/merah158.jpg,class12
class7/birutua26.jpg,class7
class10/hijautua53.jpg,class10
class12/merah168.jpg,class12
class9/emas2.jpg,class9
class9/emas153.jpg,class9
class6/birulangit145.jpg,class6
class6/birulangit30.jpg,class6
class10/hijautua45.jpg,class10
class10/hijautua88.jpg,class10
class12/merah133.jpg,class12
class8/coklat164.jpg,class8
class8/coklat125.jpg,class8
class3/kuning110.jpg,class3
class5/hijaumuda20.jpg,class5
class3/kuning35.jpg,class3
class10/hijautua22.jpg,class10
class13/orange16.jpg,class13
class3/kuning48.jpg,class3
class5/hijaumuda75.jpg,class5
class12/merah31.jpg,class12
class2/putih_campuran62.jpg,class2
class3/kuning201.jpg,class3
class5/hijaumuda14.jpg,class5
class3/kuning148.jpg,class3
class12/merah145.jpg,class12
class11/hitam105.jpg,class11
class13/orange141.jpg,class13
class13/orange125.jpg,class13
class13/orange112.jpg,class13
class1/putih108.jpg,class1
class6/birulangit41.jpg,class6
class4/kuning_campuran38.jpg,class4
class8/coklat158.jpg,class8
class5/hijaumuda95.jpg,class5
class3/kuning91.jpg,class3
class9/emas43.jpg,class9
class11/hitam3.jpg,class11
class1/putih125.jpg,class1
class10/hijautua52.jpg,class10
class6/birulangit222.jpg,class6
class1/putih110.jpg,class1
class5/hijaumuda108.jpg,class5
class10/hijautua65.jpg,class10
class4/kuning_campuran149.jpg,class4
class9/emas149.jpg,class9
class7/birutua99.jpg,class7
class6/birulangit22.jpg,class6
class9/emas108.jpg,class9
class2/putih_campuran106.jpg,class2
class3/kuning98.jpg,class3
class11/hitam43.jpg,class11
class7/birutua98.jpg,class7
class10/hijautua85.jpg,class10
class4/kuning_campuran11.jpg,class4
class12/merah64.jpg,class12
class6/birulangit62.jpg,class6
class12/merah83.jpg,class12
class6/birulangit21.jpg,class6
class9/emas174.jpg,class9
class6/birulangit229.jpg,class6
class4/kuning_campuran92.jpg,class4
class11/hitam161.jpg,class11
class7/birutua85.jpg,class7
class13/orange115.jpg,class13
class4/kuning_campuran142.jpg,class4
class1/putih81.jpg,class1
class5/hijaumuda101.jpg,class5
class13/orange31.jpg,class13
class9/emas150.jpg,class9
class6/birulangit158.jpg,class6
class10/hijautua155.jpg,class10
class9/emas14.jpg,class9
class8/coklat124.jpg,class8
class11/hitam155.jpg,class11
class2/putih_campuran14.jpg,class2
class7/birutua4.jpg,class7
class4/kuning_campuran55.jpg,class4
class10/hijautua202.jpg,class10
class11/hitam85.jpg,class11
class10/hijautua106.jpg,class10
class8/coklat104.jpg,class8
class12/merah57.jpg,class12
class4/kuning_campuran129.jpg,class4
class1/putih184.jpg,class1
class13/orange98.jpg,class13
class9/emas44.jpg,class9
class6/birulangit18.jpg,class6
class13/orange179.jpg,class13
class5/hijaumuda49.jpg,class5
class10/hijautua101.jpg,class10
class6/birulangit31.jpg,class6
class12/merah182.jpg,class12
class13/orange160.jpg,class13
class2/putih_campuran179.jpg,class2
class9/emas168.jpg,class9
class1/putih76.jpg,class1
class13/orange206.jpg,class13
class8/coklat201.jpg,class8
class6/birulangit196.jpg,class6
class2/putih_campuran32.jpg,class2
class1/putih72.jpg,class1
class7/birutua151.jpg,class7
class8/coklat35.jpg,class8
class13/orange58.jpg,class13
class3/kuning150.jpg,class3
class8/coklat179.jpg,class8
class12/merah18.jpg,class12
class4/kuning_campuran152.jpg,class4
class11/hitam1.jpg,class11
class13/orange113.jpg,class13
class12/merah190.jpg,class12
class3/kuning5.jpg,class3
class4/kuning_campuran118.jpg,class4
class9/emas151.jpg,class9
class13/orange66.jpg,class13
class13/orange87.jpg,class13
class2/putih_campuran139.jpg,class2
class3/kuning21.jpg,class3
class5/hijaumuda167.jpg,class5
class13/orange14.jpg,class13
class9/emas21.jpg,class9
class1/putih20.jpg,class1
class6/birulangit39.jpg,class6
class1/putih127.jpg,class1
class10/hijautua210.jpg,class10
class2/putih_campuran189.jpg,class2
class8/coklat98.jpg,class8
class10/hijautua9.jpg,class10
class5/hijaumuda35.jpg,class5
class6/birulangit24.jpg,class6
class12/merah197.jpg,class12
class12/merah188.jpg,class12
class12/merah72.jpg,class12
class10/hijautua127.jpg,class10
class2/putih_campuran48.jpg,class2
class11/hitam72.jpg,class11
class7/birutua69.jpg,class7
class13/orange192.jpg,class13
class4/kuning_campuran27.jpg,class4
class9/emas130.jpg,class9
class2/putih_campuran214.jpg,class2
class6/birulangit199.jpg,class6
class6/birulangit156.jpg,class6
class4/kuning_campuran30.jpg,class4
class6/birulangit195.jpg,class6
class12/merah95.jpg,class12
class12/merah56.jpg,class12
class1/putih189.jpg,class1
class7/birutua22.jpg,class7
class13/orange101.jpg,class13
class8/coklat114.jpg,class8
class5/hijaumuda129.jpg,class5
class12/merah164.jpg,class12
class5/hijaumuda219.jpg,class5
class6/birulangit23.jpg,class6
class7/birutua168.jpg,class7
class1/putih201.jpg,class1
class11/hitam96.jpg,class11
class1/putih24.jpg,class1
class1/putih11.jpg,class1
class6/birulangit37.jpg,class6
class13/orange126.jpg,class13
class12/merah161.jpg,class12
class12/merah151.jpg,class12
class13/orange128.jpg,class13
class13/orange28.jpg,class13
class12/merah11.jpg,class12
class2/putih_campuran171.jpg,class2
class7/birutua143.jpg,class7
class13/orange84.jpg,class13
class3/kuning168.jpg,class3
class3/kuning134.jpg,class3
class10/hijautua203.jpg,class10
class10/hijautua164.jpg,class10
class9/emas194.jpg,class9
class11/hitam76.jpg,class11
class11/hitam178.jpg,class11
class10/hijautua130.jpg,class10
class8/coklat194.jpg,class8
class3/kuning118.jpg,class3
class10/hijautua72.jpg,class10
class10/hijautua131.jpg,class10
class8/coklat127.jpg,class8
class9/emas33.jpg,class9
class9/emas81.jpg,class9
class10/hijautua139.jpg,class10
class5/hijaumuda8.jpg,class5
class4/kuning_campuran114.jpg,class4
class9/emas41.jpg,class9
class1/putih161.jpg,class1
class3/kuning194.jpg,class3
class9/emas181.jpg,class9
class5/hijaumuda106.jpg,class5
class4/kuning_campuran23.jpg,class4
class11/hitam170.jpg,class11
class1/putih87.jpg,class1
class1/putih180.jpg,class1
class11/hitam37.jpg,class11
class4/kuning_campuran78.jpg,class4
class10/hijautua132.jpg,class10
class4/kuning_campuran134.jpg,class4
class5/hijaumuda105.jpg,class5
class3/kuning38.jpg,class3
class6/birulangit198.jpg,class6
class10/hijautua17.jpg,class10
class3/kuning133.jpg,class3
class1/putih85.jpg,class1
class7/birutua139.jpg,class7
class11/hitam134.jpg,class11
class5/hijaumuda48.jpg,class5
class13/orange36.jpg,class13
class2/putih_campuran143.jpg,class2
class10/hijautua91.jpg,class10
class12/merah187.jpg,class12
class3/kuning11.jpg,class3
class7/birutua184.jpg,class7
class13/orange207.jpg,class13
class5/hijaumuda56.jpg,class5
class4/kuning_campuran91.jpg,class4
class3/kuning129.jpg,class3
class1/putih159.jpg,class1
class13/orange129.jpg,class13
class8/coklat200.jpg,class8
class11/hitam111.jpg,class11
class13/orange178.jpg,class13
class9/emas55.jpg,class9
class4/kuning_campuran169.jpg,class4
class13/orange102.jpg,class13
class7/birutua194.jpg,class7
class3/kuning163.jpg,class3
class12/merah94.jpg,class12
class12/merah55.jpg,class12
class5/hijaumuda151.jpg,class5
class2/putih_campuran191.jpg,class2
class10/hijautua134.jpg,class10
class4/kuning_campuran10.jpg,class4
class6/birulangit77.jpg,class6
class4/kuning_campuran49.jpg,class4
class4/kuning_campuran45.jpg,class4
class5/hijaumuda126.jpg,class5
class11/hitam54.jpg,class11
class6/birulangit90.jpg,class6
class10/hijautua223.jpg,class10
class9/emas97.jpg,class9
class4/kuning_campuran136.jpg,class4
class7/birutua86.jpg,class7
class12/merah47.jpg,class12
class1/putih156.jpg,class1
class11/hitam144.jpg,class11
class11/hitam191.jpg,class11
class3/kuning189.jpg,class3
class12/merah103.jpg,class12
class3/kuning26.jpg,class3
class7/birutua158.jpg,class7
class4/kuning_campuran172.jpg,class4
class9/emas121.jpg,class9
class1/putih117.jpg,class1
class12/merah126.jpg,class12
class9/emas135.jpg,class9
class13/orange121.jpg,class13
class3/kuning121.jpg,class3
class11/hitam24.jpg,class11
class7/birutua113.jpg,class7
class7/birutua95.jpg,class7
class10/hijautua193.jpg,class10
class6/birulangit114.jpg,class6
class10/hijautua69.jpg,class10
class7/birutua92.jpg,class7
class9/emas103.jpg,class9
class5/hijaumuda15.jpg,class5
class11/hitam66.jpg,class11
class1/putih165.jpg,class1
class3/kuning79.jpg,class3
class8/coklat1.jpg,class8
class6/birulangit45.jpg,class6
class8/coklat46.jpg,class8
class2/putih_campuran185.jpg,class2
class4/kuning_campuran181.jpg,class4
class11/hitam84.jpg,class11
class13/orange173.jpg,class13
class4/kuning_campuran19.jpg,class4
class5/hijaumuda183.jpg,class5
class5/hijaumuda172.jpg,class5
class5/hijaumuda209.jpg,class5
class2/putih_campuran222.jpg,class2
class12/merah81.jpg,class12
class9/emas125.jpg,class9
class5/hijaumuda38.jpg,class5
class12/merah167.jpg,class12
class2/putih_campuran49.jpg,class2
class8/coklat149.jpg,class8
class12/merah115.jpg,class12
class2/putih_campuran176.jpg,class2
class8/coklat9.jpg,class8
class4/kuning_campuran16.jpg,class4
class13/orange41.jpg,class13
class5/hijaumuda148.jpg,class5
class9/emas104.jpg,class9
class2/putih_campuran68.jpg,class2
class8/coklat55.jpg,class8
class7/birutua118.jpg,class7
class11/hitam41.jpg,class11
class8/coklat206.jpg,class8
class3/kuning113.jpg,class3
class5/hijaumuda216.jpg,class5
class12/merah92.jpg,class12
class12/merah120.jpg,class12
class8/coklat120.jpg,class8
class5/hijaumuda192.jpg,class5
class8/coklat204.jpg,class8
class9/emas46.jpg,class9
class11/hitam126.jpg,class11
class6/birulangit65.jpg,class6
class7/birutua62.jpg,class7
class1/putih173.jpg,class1
class7/birutua147.jpg,class7
class2/putih_campuran247.jpg,class2
class12/merah5.jpg,class12
class5/hijaumuda100.jpg,class5
class11/hitam181.jpg,class11
class3/kuning198.jpg,class3
class7/birutua129.jpg,class7
class8/coklat4.jpg,class8
class4/kuning_campuran15.jpg,class4
class12/merah131.jpg,class12
class1/putih179.jpg,class1
class12/merah125.jpg,class12
class5/hijaumuda57.jpg,class5
class11/hitam80.jpg,class11
class7/birutua76.jpg,class7
class9/emas206.jpg,class9
class7/birutua10.jpg,class7
class13/orange169.jpg,class13
class6/birulangit150.jpg,class6
class10/hijautua34.jpg,class10
class13/orange154.jpg,class13
class10/hijautua209.jpg,class10
class8/coklat97.jpg,class8
class6/birulangit130.jpg,class6
class9/emas19.jpg,class9
class4/kuning_campuran25.jpg,class4
class13/orange74.jpg,class13
class4/kuning_campuran37.jpg,class4
class5/hijaumuda61.jpg,class5
class11/hitam122.jpg,class11
class2/putih_campuran162.jpg,class2
class2/putih_campuran175.jpg,class2
class9/emas77.jpg,class9
class5/hijaumuda107.jpg,class5
class2/putih_campuran194.jpg,class2
class7/birutua43.jpg,class7
class7/birutua87.jpg,class7
class10/hijautua40.jpg,class10
class7/birutua111.jpg,class7
class2/putih_campuran10.jpg,class2
class4/kuning_campuran192.jpg,class4
class9/emas152.jpg,class9
class4/kuning_campuran29.jpg,class4
class11/hitam151.jpg,class11
class13/orange38.jpg,class13
class1/putih120.jpg,class1
class13/orange106.jpg,class13
class13/orange199.jpg,class13
class3/kuning164.jpg,class3
class6/birulangit206.jpg,class6
class7/birutua54.jpg,class7
class5/hijaumuda146.jpg,class5
class7/birutua200.jpg,class7
class13/orange30.jpg,class13
class7/birutua12.jpg,class7
class9/emas69.jpg,class9
class6/birulangit97.jpg,class6
class13/orange194.jpg,class13
class7/birutua101.jpg,class7
class3/kuning200.jpg,class3
class2/putih_campuran91.jpg,class2
class6/birulangit107.jpg,class6
class1/putih94.jpg,class1
class8/coklat6.jpg,class8
class2/putih_campuran240.jpg,class2
class2/putih_campuran159.jpg,class2
class8/coklat132.jpg,class8
class3/kuning173.jpg,class3
class10/hijautua84.jpg,class10
class9/emas6.jpg,class9
class13/orange57.jpg,class13
class2/putih_campuran158.jpg,class2
class3/kuning39.jpg,class3
class8/coklat173.jpg,class8
class8/coklat87.jpg,class8
class2/putih_campuran113.jpg,class2
class13/orange5.jpg,class13
class2/putih_campuran9.jpg,class2
class10/hijautua190.jpg,class10
class2/putih_campuran187.jpg,class2
class7/birutua100.jpg,class7
class13/orange186.jpg,class13
class9/emas188.jpg,class9
class1/putih190.jpg,class1
class7/birutua34.jpg,class7
class3/kuning94.jpg,class3
class1/putih80.jpg,class1
class2/putih_campuran120.jpg,class2
class8/coklat12.jpg,class8
class2/putih_campuran164.jpg,class2
class2/putih_campuran160.jpg,class2
class4/kuning_campuran66.jpg,class4
class9/emas28.jpg,class9
class10/hijautua163.jpg,class10
class11/hitam139.jpg,class11
class13/orange72.jpg,class13
class12/merah119.jpg,class12
class1/putih57.jpg,class1
class3/kuning167.jpg,class3
class7/birutua141.jpg,class7
class11/hitam156.jpg,class11
class10/hijautua44.jpg,class10
class10/hijautua179.jpg,class10
class3/kuning107.jpg,class3
class8/coklat76.jpg,class8
class7/birutua170.jpg,class7
class1/putih10.jpg,class1
class1/putih49.jpg,class1
class11/hitam107.jpg,class11
class10/hijautua30.jpg,class10
class13/orange165.jpg,class13
class7/birutua2.jpg,class7
class5/hijaumuda9.jpg,class5
class5/hijaumuda87.jpg,class5
class10/hijautua204.jpg,class10
class3/kuning59.jpg,class3
class1/putih106.jpg,class1
class1/putih130.jpg,class1
class11/hitam55.jpg,class11
class11/hitam160.jpg,class11
class4/kuning_campuran90.jpg,class4
class11/hitam199.jpg,class11
class1/putih59.jpg,class1
class12/merah37.jpg,class12
class6/birulangit141.jpg,class6
class6/birulangit57.jpg,class6
class8/coklat11.jpg,class8
class13/orange77.jpg,class13
class5/hijaumuda73.jpg,class5
class13/orange116.jpg,class13
class4/kuning_campuran154.jpg,class4
class12/merah40.jpg,class12
class4/kuning_campuran100.jpg,class4
class1/putih113.jpg,class1
class10/hijautua187.jpg,class10
class4/kuning_campuran72.jpg,class4
class11/hitam25.jpg,class11
class6/birulangit47.jpg,class6
class11/hitam200.jpg,class11
class2/putih_campuran42.jpg,class2
class13/orange19.jpg,class13
class11/hitam133.jpg,class11
class7/birutua192.jpg,class7
class9/emas169.jpg,class9
class8/coklat147.jpg,class8
class12/merah162.jpg,class12
class13/orange119.jpg,class13
class8/coklat107.jpg,class8
class8/coklat67.jpg,class8
class7/birutua165.jpg,class7
class10/hijautua33.jpg,class10
class12/merah29.jpg,class12
class5/hijaumuda109.jpg,class5
class11/hitam148.jpg,class11
class4/kuning_campuran85.jpg,class4
class11/hitam138.jpg,class11
class6/birulangit181.jpg,class6
class5/hijaumuda112.jpg,class5
class1/putih74.jpg,class1
class2/putih_campuran15.jpg,class2
class8/coklat116.jpg,class8
class5/hijaumuda227.jpg,class5
class2/putih_campuran109.jpg,class2
class6/birulangit69.jpg,class6
class5/hijaumuda27.jpg,class5
class12/merah79.jpg,class12
class9/emas175.jpg,class9
class2/putih_campuran146.jpg,class2
class13/orange18.jpg,class13
class4/kuning_campuran93.jpg,class4
class13/orange191.jpg,class13
class12/merah153.jpg,class12
class8/coklat92.jpg,class8
class2/putih_campuran98.jpg,class2
class9/emas197.jpg,class9
class3/kuning72.jpg,class3
class10/hijautua92.jpg,class10
class5/hijaumuda113.jpg,class5
class2/putih_campuran108.jpg,class2
class3/kuning126.jpg,class3
class4/kuning_campuran138.jpg,class4
class6/birulangit70.jpg,class6
class11/hitam153.jpg,class11
class10/hijautua188.jpg,class10
class5/hijaumuda4.jpg,class5
class5/hijaumuda60.jpg,class5
class4/kuning_campuran69.jpg,class4
class2/putih_campuran24.jpg,class2
class4/kuning_campuran94.jpg,class4
class9/emas9.jpg,class9
class3/kuning149.jpg,class3
class7/birutua51.jpg,class7
class6/birulangit15.jpg,class6
class2/putih_campuran119.jpg,class2
class10/hijautua120.jpg,class10
class1/putih154.jpg,class1
class10/hijautua157.jpg,class10
class6/birulangit53.jpg,class6
class6/birulangit74.jpg,class6
class8/coklat121.jpg,class8
class11/hitam32.jpg,class11
class7/birutua24.jpg,class7
class6/birulangit12.jpg,class6
class10/hijautua16.jpg,class10
class6/birulangit151.jpg,class6
class3/kuning105.jpg,class3
class6/birulangit209.jpg,class6
class13/orange155.jpg,class13
class9/emas11.jpg,class9
class3/kuning95.jpg,class3
class12/merah110.jpg,class12
class10/hijautua76.jpg,class10
class1/putih7.jpg,class1
class7/birutua56.jpg,class7
class10/hijautua218.jpg,class10
class9/emas102.jpg,class9
class10/hijautua199.jpg,class10
class1/putih5.jpg,class1
class8/coklat161.jpg,class8
class3/kuning191.jpg,class3
class5/hijaumuda142.jpg,class5
class13/orange167.jpg,class13
class13/orange117.jpg,class13
class2/putih_campuran220.jpg,class2
class6/birulangit101.jpg,class6
class1/putih27.jpg,class1
class9/emas61.jpg,class9
class3/kuning75.jpg,class3
class11/hitam110.jpg,class11
class13/orange47.jpg,class13
class10/hijautua47.jpg,class10
class4/kuning_campuran7.jpg,class4
class7/birutua125.jpg,class7
class10/hijautua50.jpg,class10
class6/birulangit113.jpg,class6
class8/coklat156.jpg,class8
class3/kuning22.jpg,class3
class2/putih_campuran64.jpg,class2
class11/hitam193.jpg,class11
class3/kuning55.jpg,class3
class13/orange159.jpg,class13
class8/coklat153.jpg,class8
class7/birutua68.jpg,class7
class10/hijautua173.jpg,class10
class9/emas156.jpg,class9
class6/birulangit135.jpg,class6
class5/hijaumuda157.jpg,class5
class8/coklat152.jpg,class8
class10/hijautua11.jpg,class10
class2/putih_campuran248.jpg,class2
class11/hitam42.jpg,class11
class11/hitam22.jpg,class11
class11/hitam8.jpg,class11
class5/hijaumuda39.jpg,class5
class5/hijaumuda144.jpg,class5
class11/hitam154.jpg,class11
class4/kuning_campuran125.jpg,class4
class12/merah58.jpg,class12
class4/kuning_campuran59.jpg,class4
class1/putih164.jpg,class1
class3/kuning199.jpg,class3
class4/kuning_campuran157.jpg,class4
class5/hijaumuda43.jpg,class5
class6/birulangit185.jpg,class6
class10/hijautua59.jpg,class10
class1/putih60.jpg,class1
class3/kuning23.jpg,class3
class1/putih104.jpg,class1
class1/putih3.jpg,class1
class4/kuning_campuran120.jpg,class4
class12/merah142.jpg,class12
class1/putih1.jpg,class1
class8/coklat72.jpg,class8
class13/orange157.jpg,class13
class11/hitam47.jpg,class11
class13/orange144.jpg,class13
class10/hijautua162.jpg,class10
class10/hijautua115.jpg,class10
class11/hitam63.jpg,class11
class10/hijautua178.jpg,class10
class6/birulangit161.jpg,class6
class6/birulangit58.jpg,class6
class5/hijaumuda96.jpg,class5
class1/putih47.jpg,class1
class3/kuning145.jpg,class3
class9/emas143.jpg,class9
class10/hijautua158.jpg,class10
class7/birutua195.jpg,class7
class6/birulangit200.jpg,class6
class12/merah38.jpg,class12
class11/hitam190.jpg,class11
class5/hijaumuda120.jpg,class5
class2/putih_campuran29.jpg,class2
class1/putih67.jpg,class1
class4/kuning_campuran128.jpg,class4
class12/merah200.jpg,class12
class2/putih_campuran61.jpg,class2
class8/coklat62.jpg,class8
class7/birutua107.jpg,class7
class2/putih_campuran138.jpg,class2
class2/putih_campuran83.jpg,class2
class4/kuning_campuran63.jpg,class4
class12/merah130.jpg,class12
class10/hijautua29.jpg,class10
class6/birulangit180.jpg,class6
class7/birutua45.jpg,class7
class3/kuning46.jpg,class3
class1/putih160.jpg,class1
class12/merah144.jpg,class12
class3/kuning102.jpg,class3
class11/hitam166.jpg,class11
class1/putih140.jpg,class1
class8/coklat134.jpg,class8
class6/birulangit43.jpg,class6
class5/hijaumuda88.jpg,class5
class6/birulangit217.jpg,class6
class4/kuning_campuran62.jpg,class4
class6/birulangit177.jpg,class6
class6/birulangit72.jpg,class6
class10/hijautua143.jpg,class10
class8/coklat140.jpg,class8
class11/hitam15.jpg,class11
class12/merah30.jpg,class12
class3/kuning58.jpg,class3
class7/birutua36.jpg,class7
class6/birulangit153.jpg,class6
class13/orange32.jpg,class13
class2/putih_campuran59.jpg,class2
class11/hitam34.jpg,class11
class2/putih_campuran114.jpg,class2
class6/birulangit16.jpg,class6
class12/merah51.jpg,class12
class11/hitam59.jpg,class11
class6/birulangit159.jpg,class6
class11/hitam195.jpg,class11
class7/birutua6.jpg,class7
class10/hijautua71.jpg,class10
class5/hijaumuda52.jpg,class5
class13/orange118.jpg,class13
class1/putih69.jpg,class1
class11/hitam90.jpg,class11
class13/orange46.jpg,class13
class8/coklat79.jpg,class8
class7/birutua74.jpg,class7
class12/merah26.jpg,class12
class8/coklat130.jpg,class8
class10/hijautua48.jpg,class10
class1/putih89.jpg,class1
class3/kuning144.jpg,class3
class10/hijautua19.jpg,class10
class8/coklat115.jpg,class8
class1/putih58.jpg,class1
class1/putih138.jpg,class1
class13/orange166.jpg,class13
class6/birulangit98.jpg,class6
class12/merah15.jpg,class12
class5/hijaumuda184.jpg,class5
class4/kuning_campuran39.jpg,class4
class13/orange146.jpg,class13
class7/birutua187.jpg,class7
class13/orange97.jpg,class13
class5/hijaumuda221.jpg,class5
class13/orange135.jpg,class13
class8/coklat162.jpg,class8
class8/coklat36.jpg,class8
class1/putih15.jpg,class1
class8/coklat39.jpg,class8
class5/hijaumuda37.jpg,class5
class4/kuning_campuran175.jpg,class4
class1/putih43.jpg,class1
class1/putih166.jpg,class1
class5/hijaumuda168.jpg,class5
class9/emas32.jpg,class9
class3/kuning2.jpg,class3
class13/orange103.jpg,class13
class13/orange71.jpg,class13
class7/birutua109.jpg,class7
class8/coklat170.jpg,class8
class4/kuning_campuran196.jpg,class4
class2/putih_campuran181.jpg,class2
class8/coklat185.jpg,class8
class6/birulangit73.jpg,class6
class9/emas25.jpg,class9
class4/kuning_campuran121.jpg,class4
class3/kuning42.jpg,class3
class7/birutua110.jpg,class7
class12/merah22.jpg,class12
class12/merah36.jpg,class12
class2/putih_campuran23.jpg,class2
class11/hitam56.jpg,class11
class8/coklat34.jpg,class8
class11/hitam82.jpg,class11
class1/putih141.jpg,class1
class11/hitam167.jpg,class11
class11/hitam179.jpg,class11
class3/kuning138.jpg,class3
class5/hijaumuda137.jpg,class5
class4/kuning_campuran170.jpg,class4
class5/hijaumuda161.jpg,class5
class3/kuning44.jpg,class3
class1/putih35.jpg,class1
class11/hitam152.jpg,class11
class9/emas198.jpg,class9
class3/kuning73.jpg,class3
class10/hijautua64.jpg,class10
class3/kuning142.jpg,class3
class2/putih_campuran124.jpg,class2
class3/kuning120.jpg,class3
class11/hitam118.jpg,class11
class4/kuning_campuran159.jpg,class4
class13/orange56.jpg,class13
class8/coklat28.jpg,class8
class4/kuning_campuran109.jpg,class4
class3/kuning122.jpg,class3
class6/birulangit108.jpg,class6
class9/emas38.jpg,class9
class12/merah138.jpg,class12
class12/merah140.jpg,class12
class6/birulangit76.jpg,class6
class9/emas89.jpg,class9
class3/kuning16.jpg,class3
class8/coklat195.jpg,class8
class1/putih92.jpg,class1
class3/kuning80.jpg,class3
class12/merah147.jpg,class12
class2/putih_campuran125.jpg,class2
class11/hitam129.jpg,class11
class7/birutua191.jpg,class7
class6/birulangit125.jpg,class6
class8/coklat192.jpg,class8
class11/hitam89.jpg,class11
class8/coklat151.jpg,class8
class9/emas35.jpg,class9
class7/birutua7.jpg,class7
class1/putih4.jpg,class1
class12/merah44.jpg,class12
class2/putih_campuran135.jpg,class2
class9/emas59.jpg,class9
class13/orange93.jpg,class13
class5/hijaumuda169.jpg,class5
class10/hijautua142.jpg,class10
class10/hijautua112.jpg,class10
class6/birulangit102.jpg,class6
class8/coklat136.jpg,class8
class3/kuning45.jpg,class3
class13/orange78.jpg,class13
class8/coklat106.jpg,class8
class6/birulangit87.jpg,class6
class1/putih44.jpg,class1
class6/birulangit115.jpg,class6
class9/emas4.jpg,class9
class10/hijautua111.jpg,class10
class10/hijautua18.jpg,class10
class4/kuning_campuran97.jpg,class4
class13/orange43.jpg,class13
class8/coklat155.jpg,class8
class9/emas52.jpg,class9
class12/merah98.jpg,class12
class1/putih118.jpg,class1
class7/birutua178.jpg,class7
class4/kuning_campuran12.jpg,class4
class6/birulangit75.jpg,class6
class8/coklat171.jpg,class8
class8/coklat177.jpg,class8
class8/coklat33.jpg,class8
class8/coklat71.jpg,class8
class7/birutua188.jpg,class7
class12/merah45.jpg,class12
class12/merah3.jpg,class12
class8/coklat184.jpg,class8
class5/hijaumuda89.jpg,class5
class2/putih_campuran235.jpg,class2
class6/birulangit8.jpg,class6
class13/orange181.jpg,class13
class9/emas123.jpg,class9
class3/kuning90.jpg,class3
class10/hijautua110.jpg,class10
class7/birutua67.jpg,class7
class4/kuning_campuran111.jpg,class4
class12/merah43.jpg,class12
class11/hitam10.jpg,class11
class7/birutua124.jpg,class7
class5/hijaumuda83.jpg,class5
class2/putih_campuran150.jpg,class2
class3/kuning190.jpg,class3
class9/emas147.jpg,class9
class3/kuning93.jpg,class3
class7/birutua35.jpg,class7
class1/putih83.jpg,class1
class4/kuning_campuran197.jpg,class4
class10/hijautua81.jpg,class10
class9/emas180.jpg,class9
class5/hijaumuda186.jpg,class5
class12/merah118.jpg,class12
class2/putih_campuran37.jpg,class2
class13/orange137.jpg,class13
class10/hijautua66.jpg,class10
class5/hijaumuda170.jpg,class5
class7/birutua130.jpg,class7
class13/orange109.jpg,class13
class12/merah35.jpg,class12
class13/orange111.jpg,class13
class4/kuning_campuran158.jpg,class4
class13/orange23.jpg,class13
class5/hijaumuda84.jpg,class5
class6/birulangit19.jpg,class6
class7/birutua32.jpg,class7
class11/hitam93.jpg,class11
class3/kuning43.jpg,class3
class5/hijaumuda128.jpg,class5
class4/kuning_campuran188.jpg,class4
class2/putih_campuran50.jpg,class2
class4/kuning_campuran67.jpg,class4
class7/birutua73.jpg,class7
class12/merah90.jpg,class12
class12/merah109.jpg,class12
class10/hijautua184.jpg,class10
class5/hijaumuda28.jpg,class5
class12/merah166.jpg,class12
class2/putih_campuran163.jpg,class2
class1/putih157.jpg,class1
class2/putih_campuran233.jpg,class2
class10/hijautua152.jpg,class10
class4/kuning_campuran104.jpg,class4
class12/merah27.jpg,class12
class7/birutua106.jpg,class7
class1/putih168.jpg,class1
class2/putih_campuran131.jpg,class2
class5/hijaumuda51.jpg,class5
class9/emas131.jpg,class9
class8/coklat165.jpg,class8
class10/hijautua135.jpg,class10
class12/merah97.jpg,class12
class11/hitam29.jpg,class11
class2/putih_campuran45.jpg,class2
class10/hijautua32.jpg,class10
class7/birutua42.jpg,class7
class4/kuning_campuran173.jpg,class4
class11/hitam48.jpg,class11
class1/putih97.jpg,class1
class1/putih42.jpg,class1
class6/birulangit190.jpg,class6
class10/hijautua180.jpg,class10
class11/hitam171.jpg,class11
class4/kuning_campuran117.jpg,class4
class2/putih_campuran121.jpg,class2
class2/putih_campuran103.jpg,class2
class12/merah102.jpg,class12
class4/kuning_campuran13.jpg,class4
class1/putih71.jpg,class1
class6/birulangit14.jpg,class6
class9/emas117.jpg,class9
class6/birulangit124.jpg,class6
class10/hijautua94.jpg,class10
class8/coklat159.jpg,class8
class2/putih_campuran100.jpg,class2
class1/putih90.jpg,class1
class3/kuning37.jpg,class3
class9/emas137.jpg,class9
class3/kuning172.jpg,class3
class3/kuning187.jpg,class3
class8/coklat10.jpg,class8
class9/emas90.jpg,class9
class3/kuning156.jpg,class3
class12/merah143.jpg,class12
class10/hijautua197.jpg,class10
class11/hitam44.jpg,class11
class11/hitam119.jpg,class11
class2/putih_campuran177.jpg,class2
class10/hijautua177.jpg,class10
class8/coklat44.jpg,class8
class3/kuning140.jpg,class3
class5/hijaumuda223.jpg,class5
class7/birutua79.jpg,class7
class4/kuning_campuran168.jpg,class4
class3/kuning125.jpg,class3
class1/putih187.jpg,class1
class4/kuning_campuran185.jpg,class4
class8/coklat138.jpg,class8
class1/putih185.jpg,class1
class10/hijautua4.jpg,class10
class1/putih52.jpg,class1
class6/birulangit191.jpg,class6
class4/kuning_campuran46.jpg,class4
class9/emas139.jpg,class9
class6/birulangit232.jpg,class6
class13/orange22.jpg,class13
class3/kuning152.jpg,class3
class5/hijaumuda79.jpg,class5
class3/kuning76.jpg,class3
class3/kuning161.jpg,class3
class8/coklat15.jpg,class8
class1/putih191.jpg,class1
class12/merah121.jpg,class12
class5/hijaumuda36.jpg,class5
class3/kuning83.jpg,class3
class1/putih148.jpg,class1
class9/emas128.jpg,class9
class7/birutua27.jpg,class7
class7/birutua144.jpg,class7
class8/coklat31.jpg,class8
class2/putih_campuran167.jpg,class2
class4/kuning_campuran9.jpg,class4
class6/birulangit210.jpg,class6
class6/birulangit68.jpg,class6
class9/emas116.jpg,class9
class5/hijaumuda162.jpg,class5
class11/hitam172.jpg,class11
class8/coklat128.jpg,class8
class6/birulangit48.jpg,class6
class7/birutua153.jpg,class7
class2/putih_campuran123.jpg,class2
class11/hitam132.jpg,class11
class6/birulangit78.jpg,class6
class9/emas1.jpg,class9
class6/birulangit92.jpg,class6
class10/hijautua214.jpg,class10
class3/kuning87.jpg,class3
class12/merah192.jpg,class12
class11/hitam121.jpg,class11
class1/putih136.jpg,class1
class1/putih68.jpg,class1
class12/merah85.jpg,class12
class8/coklat43.jpg,class8
class3/kuning47.jpg,class3
class11/hitam108.jpg,class11
class13/orange37.jpg,class13
class11/hitam12.jpg,class11
class3/kuning106.jpg,class3
class10/hijautua129.jpg,class10
class10/hijautua136.jpg,class10
class10/hijautua159.jpg,class10
class4/kuning_campuran36.jpg,class4
class9/emas47.jpg,class9
class1/putih28.jpg,class1
class2/putih_campuran192.jpg,class2
class13/orange197.jpg,class13
class2/putih_campuran223.jpg,class2
class10/hijautua93.jpg,class10
class12/merah93.jpg,class12
class3/kuning67.jpg,class3
class4/kuning_campuran135.jpg,class4
class3/kuning154.jpg,class3
class10/hijautua205.jpg,class10
class4/kuning_campuran18.jpg,class4
class10/hijautua121.jpg,class10
class10/hijautua141.jpg,class10
class8/coklat166.jpg,class8
class2/putih_campuran22.jpg,class2
class8/coklat118.jpg,class8
class9/emas140.jpg,class9
class13/orange143.jpg,class13
class4/kuning_campuran89.jpg,class4
class3/kuning29.jpg,class3
class5/hijaumuda78.jpg,class5
class12/merah156.jpg,class12
class2/putih_campuran246.jpg,class2
class1/putih66.jpg,class1
class13/orange150.jpg,class13
class4/kuning_campuran20.jpg,class4
class7/birutua159.jpg,class7
class2/putih_campuran186.jpg,class2
class4/kuning_campuran73.jpg,class4
class2/putih_campuran5.jpg,class2
class1/putih150.jpg,class1
class5/hijaumuda179.jpg,class5
class12/merah25.jpg,class12
class10/hijautua151.jpg,class10
class6/birulangit167.jpg,class6
class5/hijaumuda16.jpg,class5
class13/orange140.jpg,class13
class10/hijautua90.jpg,class10
class13/orange164.jpg,class13
class2/putih_campuran148.jpg,class2
class8/coklat202.jpg,class8
class1/putih139.jpg,class1
class7/birutua37.jpg,class7
class9/emas83.jpg,class9
class11/hitam83.jpg,class11
class6/birulangit228.jpg,class6
class6/birulangit106.jpg,class6
class6/birulangit211.jpg,class6
class4/kuning_campuran155.jpg,class4
class4/kuning_campuran33.jpg,class4
class2/putih_campuran170.jpg,class2
class10/hijautua21.jpg,class10
class9/emas13.jpg,class9
class2/putih_campuran93.jpg,class2
class5/hijaumuda86.jpg,class5
class4/kuning_campuran75.jpg,class4
class5/hijaumuda6.jpg,class5
class2/putih_campuran232.jpg,class2
class8/coklat135.jpg,class8
class10/hijautua161.jpg,class10
class9/emas12.jpg,class9
class13/orange175.jpg,class13
class10/hijautua107.jpg,class10
class2/putih_campuran178.jpg,class2
class4/kuning_campuran22.jpg,class4
class4/kuning_campuran127.jpg,class4
class7/birutua115.jpg,class7
class10/hijautua217.jpg,class10
class7/birutua66.jpg,class7
class12/merah117.jpg,class12
class13/orange42.jpg,class13
class8/coklat109.jpg,class8
class3/kuning33.jpg,class3
class2/putih_campuran69.jpg,class2
class10/hijautua6.jpg,class10
class5/hijaumuda191.jpg,class5
class12/merah76.jpg,class12
class9/emas208.jpg,class9
class3/kuning97.jpg,class3
class7/birutua28.jpg,class7
class2/putih_campuran92.jpg,class2
class2/putih_campuran36.jpg,class2
class9/emas162.jpg,class9
class8/coklat57.jpg,class8
class6/birulangit93.jpg,class6
class6/birulangit42.jpg,class6
class2/putih_campuran128.jpg,class2
class2/putih_campuran80.jpg,class2
class2/putih_campuran102.jpg,class2
class8/coklat53.jpg,class8
class10/hijautua124.jpg,class10
class12/merah165.jpg,class12
class6/birulangit230.jpg,class6
class4/kuning_campuran3.jpg,class4
class4/kuning_campuran162.jpg,class4
class5/hijaumuda204.jpg,class5
class2/putih_campuran166.jpg,class2
class11/hitam157.jpg,class11
class8/coklat30.jpg,class8
class11/hitam104.jpg,class11
class3/kuning147.jpg,class3
class4/kuning_campuran58.jpg,class4
class13/orange76.jpg,class13
class12/merah179.jpg,class12
class11/hitam184.jpg,class11
class10/hijautua10.jpg,class10
class9/emas144.jpg,class9
class5/hijaumuda124.jpg,class5
class3/kuning9.jpg,class3
class4/kuning_campuran43.jpg,class4
class11/hitam5.jpg,class11
class7/birutua155.jpg,class7
class13/orange60.jpg,class13
class9/emas67.jpg,class9
class11/hitam177.jpg,class11
class6/birulangit146.jpg,class6
class2/putih_campuran104.jpg,class2
class1/putih18.jpg,class1
class5/hijaumuda185.jpg,class5
class3/kuning1.jpg,class3
class11/hitam168.jpg,class11
class5/hijaumuda66.jpg,class5
class3/kuning160.jpg,class3
class3/kuning103.jpg,class3
class11/hitam23.jpg,class11
class12/merah16.jpg,class12
class2/putih_campuran38.jpg,class2
class3/kuning30.jpg,class3
class6/birulangit139.jpg,class6
class4/kuning_campuran48.jpg,class4
class12/merah69.jpg,class12
class10/hijautua7.jpg,class10
class10/hijautua189.jpg,class10
class8/coklat83.jpg,class8
class2/putih_campuran236.jpg,class2
class7/birutua114.jpg,class7
class5/hijaumuda32.jpg,class5
class5/hijaumuda121.jpg,class5
class9/emas165.jpg,class9
class11/hitam136.jpg,class11
class7/birutua72.jpg,class7
class8/coklat59.jpg,class8
class2/putih_campuran161.jpg,class2
class1/putih145.jpg,class1
class1/putih116.jpg,class1
class12/merah24.jpg,class12
class1/putih142.jpg,class1
class4/kuning_campuran195.jpg,class4
class7/birutua18.jpg,class7
class12/merah4.jpg,class12
class10/hijautua105.jpg,class10
class6/birulangit1.jpg,class6
class3/kuning12.jpg,class3
class1/putih132.jpg,class1
class2/putih_campuran81.jpg,class2
class1/putih163.jpg,class1
class6/birulangit118.jpg,class6
class9/emas113.jpg,class9
class4/kuning_campuran1.jpg,class4
class7/birutua5.jpg,class7
class10/hijautua3.jpg,class10
class7/birutua97.jpg,class7
class2/putih_campuran230.jpg,class2
class1/putih41.jpg,class1
class2/putih_campuran35.jpg,class2
class1/putih23.jpg,class1
class4/kuning_campuran164.jpg,class4
class11/hitam114.jpg,class11
class13/orange142.jpg,class13
class1/putih2.jpg,class1
class8/coklat77.jpg,class8
class1/putih75.jpg,class1
class3/kuning81.jpg,class3
class1/putih12.jpg,class1
class9/emas65.jpg,class9
class8/coklat48.jpg,class8
class11/hitam169.jpg,class11
class9/emas190.jpg,class9
class3/kuning104.jpg,class3
class10/hijautua73.jpg,class10
class6/birulangit84.jpg,class6
class13/orange185.jpg,class13
class9/emas72.jpg,class9
class8/coklat198.jpg,class8
class2/putih_campuran149.jpg,class2
class1/putih22.jpg,class1
class1/putih200.jpg,class1
class13/orange130.jpg,class13
class10/hijautua212.jpg,class10
class9/emas58.jpg,class9
class8/coklat90.jpg,class8
class9/emas30.jpg,class9
class5/hijaumuda22.jpg,class5
class3/kuning166.jpg,class3
class3/kuning14.jpg,class3
class4/kuning_campuran126.jpg,class4
class13/orange2.jpg,class13
class7/birutua179.jpg,class7
class6/birulangit95.jpg,class6
class4/kuning_campuran28.jpg,class4
class8/coklat13.jpg,class8
class8/coklat26.jpg,class8
class12/merah104.jpg,class12
class6/birulangit32.jpg,class6
class6/birulangit170.jpg,class6
class1/putih39.jpg,class1
class3/kuning56.jpg,class3
class6/birulangit126.jpg,class6
class1/putih109.jpg,class1
class12/merah73.jpg,class12
class9/emas62.jpg,class9
class9/emas84.jpg,class9
class12/merah86.jpg,class12
class8/coklat119.jpg,class8
class3/kuning153.jpg,class3
class11/hitam27.jpg,class11
class1/putih37.jpg,class1
class5/hijaumuda158.jpg,class5
class4/kuning_campuran179.jpg,class4
class1/putih48.jpg,class1
class1/putih158.jpg,class1
class13/orange131.jpg,class13
class2/putih_campuran77.jpg,class2
class7/birutua132.jpg,class7
class4/kuning_campuran156.jpg,class4
class2/putih_campuran55.jpg,class2
class8/coklat160.jpg,class8
class1/putih186.jpg,class1
class1/putih38.jpg,class1
class1/putih36.jpg,class1
class2/putih_campuran126.jpg,class2
class12/merah1.jpg,class12
class7/birutua121.jpg,class7
class5/hijaumuda80.jpg,class5
class3/kuning78.jpg,class3
class11/hitam16.jpg,class11
class7/birutua172.jpg,class7
class8/coklat99.jpg,class8
class5/hijaumuda1.jpg,class5
class3/kuning162.jpg,class3
class6/birulangit174.jpg,class6
class5/hijaumuda44.jpg,class5
class13/orange133.jpg,class13
class10/hijautua104.jpg,class10
class5/hijaumuda34.jpg,class5
class13/orange25.jpg,class13
class1/putih147.jpg,class1
class8/coklat154.jpg,class8
class7/birutua47.jpg,class7
class12/merah33.jpg,class12
class10/hijautua96.jpg,class10
class1/putih21.jpg,class1
class13/orange21.jpg,class13
class6/birulangit218.jpg,class6
class13/orange26.jpg,class13
class2/putih_campuran110.jpg,class2
class1/putih62.jpg,class1
class6/birulangit3.jpg,class6
class10/hijautua70.jpg,class10
class7/birutua3.jpg,class7
class10/hijautua12.jpg,class10
class4/kuning_campuran145.jpg,class4
class2/putih_campuran26.jpg,class2
class12/merah71.jpg,class12
class5/hijaumuda122.jpg,class5
class10/hijautua221.jpg,class10
class3/kuning51.jpg,class3
class2/putih_campuran147.jpg,class2
class13/orange174.jpg,class13
class4/kuning_campuran124.jpg,class4
class11/hitam13.jpg,class11
class8/coklat203.jpg,class8
class3/kuning159.jpg,class3
class8/coklat38.jpg,class8
class11/hitam31.jpg,class11
class5/hijaumuda177.jpg,class5
class5/hijaumuda215.jpg,class5
class8/coklat16.jpg,class8
class7/birutua49.jpg,class7
class12/merah196.jpg,class12
class9/emas122.jpg,class9
class8/coklat20.jpg,class8
class2/putih_campuran133.jpg,class2
class10/hijautua154.jpg,class10
class11/hitam130.jpg,class11
class7/birutua145.jpg,class7
class7/birutua131.jpg,class7
class13/orange171.jpg,class13
class8/coklat60.jpg,class8
class3/kuning60.jpg,class3
class3/kuning116.jpg,class3
class10/hijautua109.jpg,class10
class9/emas203.jpg,class9
class2/putih_campuran188.jpg,class2
class5/hijaumuda210.jpg,class5
class2/putih_campuran172.jpg,class2
class5/hijaumuda110.jpg,class5
class12/merah107.jpg,class12
class12/merah74.jpg,class12
class3/kuning99.jpg,class3
class8/coklat157.jpg,class8
class7/birutua48.jpg,class7
class8/coklat89.jpg,class8
class3/kuning7.jpg,class3
class5/hijaumuda200.jpg,class5
class3/kuning77.jpg,class3
class2/putih_campuran228.jpg,class2
class8/coklat84.jpg,class8
class5/hijaumuda23.jpg,class5
class6/birulangit219.jpg,class6
class4/kuning_campuran35.jpg,class4
class12/merah48.jpg,class12
class11/hitam65.jpg,class11
class2/putih_campuran40.jpg,class2
class11/hitam9.jpg,class11
class6/birulangit179.jpg,class6
class7/birutua63.jpg,class7
class9/emas34.jpg,class9
class3/kuning20.jpg,class3
class4/kuning_campuran151.jpg,class4
class7/birutua162.jpg,class7
class6/birulangit169.jpg,class6
class6/birulangit155.jpg,class6
class6/birulangit56.jpg,class6
class9/emas183.jpg,class9
class10/hijautua145.jpg,class10
class13/orange12.jpg,class13
class7/birutua108.jpg,class7
class2/putih_campuran79.jpg,class2
class1/putih105.jpg,class1
class13/orange89.jpg,class13
class8/coklat186.jpg,class8
class10/hijautua119.jpg,class10
class3/kuning57.jpg,class3
class12/merah149.jpg,class12
class7/birutua150.jpg,class7
class7/birutua30.jpg,class7
class4/kuning_campuran178.jpg,class4
class3/kuning64.jpg,class3
class11/hitam45.jpg,class11
class2/putih_campuran157.jpg,class2
class10/hijautua20.jpg,class10
class10/hijautua102.jpg,class10
class8/coklat129.jpg,class8
class12/merah195.jpg,class12
class12/merah62.jpg,class12
class4/kuning_campuran79.jpg,class4
class11/hitam51.jpg,class11
class6/birulangit71.jpg,class6
class5/hijaumuda116.jpg,class5
class4/kuning_campuran163.jpg,class4
class13/orange44.jpg,class13
class4/kuning_campuran133.jpg,class4
class11/hitam189.jpg,class11
class13/orange20.jpg,class13
class6/birulangit144.jpg,class6
class4/kuning_campuran141.jpg,class4
class11/hitam99.jpg,class11
class6/birulangit122.jpg,class6
class9/emas119.jpg,class9
class4/kuning_campuran130.jpg,class4
class1/putih133.jpg,class1
class12/merah42.jpg,class12
class1/putih181.jpg,class1
class13/orange33.jpg,class13
class2/putih_campuran196.jpg,class2
class5/hijaumuda136.jpg,class5
class12/merah198.jpg,class12
class13/orange182.jpg,class13
class4/kuning_campuran68.jpg,class4
class4/kuning_campuran171.jpg,class4
class5/hijaumuda180.jpg,class5
class13/orange205.jpg,class13
class5/hijaumuda11.jpg,class5
class7/birutua91.jpg,class7
class9/emas5.jpg,class9
class2/putih_campuran144.jpg,class2
class3/kuning54.jpg,class3
class11/hitam116.jpg,class11
class11/hitam98.jpg,class11
class9/emas78.jpg,class9
class13/orange40.jpg,class13
class11/hitam173.jpg,class11
class7/birutua126.jpg,class7
class7/birutua120.jpg,class7
class12/merah2.jpg,class12
class12/merah101.jpg,class12
class1/putih112.jpg,class1
class1/putih99.jpg,class1
class13/orange80.jpg,class13
class1/putih101.jpg,class1
class8/coklat142.jpg,class8
class2/putih_campuran46.jpg,class2
class3/kuning169.jpg,class3
class12/merah59.jpg,class12
class11/hitam58.jpg,class11
class8/coklat163.jpg,class8
class4/kuning_campuran84.jpg,class4
class8/coklat50.jpg,class8
class13/orange188.jpg,class13
class10/hijautua117.jpg,class10
class5/hijaumuda138.jpg,class5
class9/emas163.jpg,class9
class1/putih172.jpg,class1
class5/hijaumuda102.jpg,class5
class2/putih_campuran21.jpg,class2
class9/emas154.jpg,class9
class13/orange136.jpg,class13
class12/merah20.jpg,class12
class12/merah124.jpg,class12
class11/hitam149.jpg,class11
class9/emas49.jpg,class9
class12/merah52.jpg,class12
class9/emas142.jpg,class9
class7/birutua31.jpg,class7
class11/hitam71.jpg,class11
class12/merah108.jpg,class12
class10/hijautua201.jpg,class10
class8/coklat37.jpg,class8
class3/kuning36.jpg,class3
class8/coklat189.jpg,class8
class6/birulangit131.jpg,class6
class3/kuning40.jpg,class3
class6/birulangit132.jpg,class6
class6/birulangit28.jpg,class6
class10/hijautua169.jpg,class10
class10/hijautua38.jpg,class10
class12/merah157.jpg,class12
class3/kuning10.jpg,class3
class9/emas115.jpg,class9
class9/emas157.jpg,class9
class11/hitam74.jpg,class11
class3/kuning165.jpg,class3
class5/hijaumuda218.jpg,class5
class10/hijautua41.jpg,class10
class6/birulangit123.jpg,class6
class9/emas24.jpg,class9
class5/hijaumuda171.jpg,class5
class2/putih_campuran74.jpg,class2
class11/hitam26.jpg,class11
class5/hijaumuda133.jpg,class5
class10/hijautua8.jpg,class10
class9/emas57.jpg,class9
class3/kuning179.jpg,class3
class12/merah180.jpg,class12
class4/kuning_campuran148.jpg,class4
class13/orange105.jpg,class13
class8/coklat45.jpg,class8
class6/birulangit120.jpg,class6
class4/kuning_campuran143.jpg,class4
class1/putih153.jpg,class1
class10/hijautua215.jpg,class10
class13/orange187.jpg,class13
class2/putih_campuran234.jpg,class2
class9/emas178.jpg,class9
class8/coklat22.jpg,class8
class10/hijautua126.jpg,class10
class11/hitam67.jpg,class11
class6/birulangit121.jpg,class6
class2/putih_campuran238.jpg,class2
class9/emas132.jpg,class9
class8/coklat108.jpg,class8
class8/coklat148.jpg,class8
class4/kuning_campuran102.jpg,class4
class6/birulangit85.jpg,class6
class4/kuning_campuran80.jpg,class4
class10/hijautua60.jpg,class10
class12/merah129.jpg,class12
class2/putih_campuran41.jpg,class2
class11/hitam46.jpg,class11
class5/hijaumuda181.jpg,class5
class8/coklat178.jpg,class8
class7/birutua135.jpg,class7
class7/birutua25.jpg,class7
class7/birutua71.jpg,class7
class12/merah189.jpg,class12
class5/hijaumuda103.jpg,class5
class2/putih_campuran88.jpg,class2
class11/hitam147.jpg,class11
class11/hitam35.jpg,class11
class13/orange79.jpg,class13
class9/emas172.jpg,class9
class12/merah91.jpg,class12
class3/kuning25.jpg,class3
class5/hijaumuda104.jpg,class5
class9/emas192.jpg,class9
class4/kuning_campuran150.jpg,class4
class5/hijaumuda24.jpg,class5
class3/kuning192.jpg,class3
class13/orange34.jpg,class13
class8/coklat112.jpg,class8
class12/merah23.jpg,class12
class5/hijaumuda17.jpg,class5
class4/kuning_campuran99.jpg,class4
class2/putih_campuran51.jpg,class2
class4/kuning_campuran83.jpg,class4
class4/kuning_campuran71.jpg,class4
class2/putih_campuran30.jpg,class2
class8/coklat103.jpg,class8
class13/orange152.jpg,class13
class11/hitam6.jpg,class11
class13/orange99.jpg,class13
class7/birutua13.jpg,class7
class5/hijaumuda214.jpg,class5
class9/emas129.jpg,class9
class3/kuning177.jpg,class3
class5/hijaumuda90.jpg,class5
class7/birutua60.jpg,class7
class9/emas92.jpg,class9
class4/kuning_campuran14.jpg,class4
class3/kuning31.jpg,class3
class8/coklat169.jpg,class8
class11/hitam175.jpg,class11
class1/putih121.jpg,class1
class11/hitam163.jpg,class11
class4/kuning_campuran186.jpg,class4
class6/birulangit13.jpg,class6
class9/emas20.jpg,class9
class8/coklat7.jpg,class8
class9/emas71.jpg,class9
class2/putih_campuran245.jpg,class2
class9/emas167.jpg,class9
class3/kuning132.jpg,class3
class1/putih56.jpg,class1
class2/putih_campuran89.jpg,class2
class2/putih_campuran19.jpg,class2
class3/kuning69.jpg,class3
class4/kuning_campuran153.jpg,class4
class6/birulangit52.jpg,class6
class11/hitam180.jpg,class11
class8/coklat94.jpg,class8
class1/putih33.jpg,class1
class4/kuning_campuran52.jpg,class4
class1/putih135.jpg,class1
class6/birulangit67.jpg,class6
class11/hitam53.jpg,class11
class6/birulangit194.jpg,class6
class2/putih_campuran73.jpg,class2
class1/putih29.jpg,class1
class6/birulangit27.jpg,class6
class9/emas27.jpg,class9
class5/hijaumuda196.jpg,class5
class9/emas100.jpg,class9
class9/emas205.jpg,class9
class9/emas29.jpg,class9
class9/emas155.jpg,class9
class3/kuning178.jpg,class3
class8/coklat27.jpg,class8
class10/hijautua153.jpg,class10
class2/putih_campuran18.jpg,class2
class13/orange4.jpg,class13
class6/birulangit61.jpg,class6
class1/putih111.jpg,class1
class12/merah113.jpg,class12
class13/orange91.jpg,class13
class8/coklat64.jpg,class8
class8/coklat74.jpg,class8
class4/kuning_campuran187.jpg,class4
class1/putih13.jpg,class1
class7/birutua90.jpg,class7
class9/emas160.jpg,class9
class4/kuning_campuran107.jpg,class4
class7/birutua103.jpg,class7
class6/birulangit182.jpg,class6
class9/emas23.jpg,class9
class7/birutua122.jpg,class7
class8/coklat101.jpg,class8
class8/coklat93.jpg,class8
class9/emas161.jpg,class9
class3/kuning101.jpg,class3
class2/putih_campuran31.jpg,class2
class13/orange134.jpg,class13
class11/hitam70.jpg,class11
class3/kuning92.jpg,class3
class1/putih93.jpg,class1
class7/birutua152.jpg,class7
class7/birutua33.jpg,class7
class13/orange29.jpg,class13
class10/hijautua175.jpg,class10
class5/hijaumuda198.jpg,class5
class5/hijaumuda134.jpg,class5
class9/emas85.jpg,class9
class4/kuning_campuran200.jpg,class4
class12/merah7.jpg,class12
class1/putih174.jpg,class1
class13/orange180.jpg,class13
class8/coklat110.jpg,class8
class6/birulangit50.jpg,class6
class1/putih16.jpg,class1
class8/coklat47.jpg,class8
class2/putih_campuran226.jpg,class2
class11/hitam162.jpg,class11
class7/birutua138.jpg,class7
class4/kuning_campuran103.jpg,class4
class1/putih152.jpg,class1
class1/putih151.jpg,class1
class12/merah163.jpg,class12
class2/putih_campuran153.jpg,class2
class11/hitam103.jpg,class11
class13/orange13.jpg,class13
class8/coklat21.jpg,class8
class2/putih_campuran212.jpg,class2
class10/hijautua31.jpg,class10
class9/emas112.jpg,class9
class9/emas120.jpg,class9
class3/kuning127.jpg,class3
class5/hijaumuda143.jpg,class5
class6/birulangit91.jpg,class6
class8/coklat32.jpg,class8
class4/kuning_campuran34.jpg,class4
class5/hijaumuda59.jpg,class5
class2/putih_campuran201.jpg,class2
class4/kuning_campuran177.jpg,class4
class5/hijaumuda193.jpg,class5
class10/hijautua174.jpg,class10
class4/kuning_campuran110.jpg,class4
class7/birutua38.jpg,class7
class13/orange86.jpg,class13
class2/putih_campuran101.jpg,class2
class7/birutua127.jpg,class7
class5/hijaumuda119.jpg,class5
class5/hijaumuda187.jpg,class5
class10/hijautua54.jpg,class10
class7/birutua58.jpg,class7
class5/hijaumuda67.jpg,class5
class11/hitam2.jpg,class11
class11/hitam101.jpg,class11
class12/merah106.jpg,class12
class5/hijaumuda25.jpg,class5
class12/merah68.jpg,class12
class5/hijaumuda164.jpg,class5
class5/hijaumuda194.jpg,class5
class13/orange201.jpg,class13
class13/orange120.jpg,class13
class7/birutua93.jpg,class7
class6/birulangit29.jpg,class6
class6/birulangit134.jpg,class6
class4/kuning_campuran95.jpg,class4
class5/hijaumuda115.jpg,class5
class5/hijaumuda81.jpg,class5
class7/birutua15.jpg,class7
class11/hitam125.jpg,class11
class6/birulangit109.jpg,class6
class7/birutua52.jpg,class7
class3/kuning71.jpg,class3
class9/emas133.jpg,class9
class9/emas98.jpg,class9
class9/emas68.jpg,class9
class1/putih169.jpg,class1
class8/coklat56.jpg,class8
class12/merah155.jpg,class12
class13/orange200.jpg,class13
class1/putih98.jpg,class1
class1/putih134.jpg,class1
class11/hitam91.jpg,class11
class9/emas182.jpg,class9
class2/putih_campuran198.jpg,class2
class10/hijautua37.jpg,class10
class11/hitam102.jpg,class11
class6/birulangit40.jpg,class6
class12/merah63.jpg,class12
class7/birutua46.jpg,class7
class10/hijautua172.jpg,class10
class13/orange17.jpg,class13
class6/birulangit25.jpg,class6
class13/orange153.jpg,class13
class6/birulangit197.jpg,class6
class5/hijaumuda55.jpg,class5
class4/kuning_campuran139.jpg,class4
class5/hijaumuda7.jpg,class5
class13/orange11.jpg,class13
class2/putih_campuran227.jpg,class2
class13/orange168.jpg,class13
class7/birutua157.jpg,class7
class12/merah148.jpg,class12
class7/birutua128.jpg,class7
class7/birutua201.jpg,class7
class4/kuning_campuran166.jpg,class4
class2/putih_campuran57.jpg,class2
class2/putih_campuran152.jpg,class2
class6/birulangit9.jpg,class6
class3/kuning131.jpg,class3
class3/kuning109.jpg,class3
class11/hitam14.jpg,class11
class5/hijaumuda40.jpg,class5
class7/birutua105.jpg,class7
class10/hijautua57.jpg,class10
class6/birulangit149.jpg,class6
class11/hitam117.jpg,class11
class10/hijautua83.jpg,class10
class8/coklat187.jpg,class8
class6/birulangit111.jpg,class6
class10/hijautua196.jpg,class10
class4/kuning_campuran77.jpg,class4
class2/putih_campuran16.jpg,class2
class3/kuning117.jpg,class3
class2/putih_campuran202.jpg,class2
class8/coklat180.jpg,class8
class5/hijaumuda18.jpg,class5
class2/putih_campuran173.jpg,class2
class10/hijautua144.jpg,class10
class13/orange107.jpg,class13
class11/hitam11.jpg,class11
class7/birutua163.jpg,class7
class13/orange3.jpg,class13
class9/emas201.jpg,class9
class5/hijaumuda111.jpg,class5
class1/putih124.jpg,class1
class7/birutua181.jpg,class7
class7/birutua167.jpg,class7
class8/coklat131.jpg,class8
class11/hitam69.jpg,class11
class12/merah175.jpg,class12
class4/kuning_campuran106.jpg,class4
class1/putih6.jpg,class1
class13/orange156.jpg,class13
class9/emas99.jpg,class9
class5/hijaumuda41.jpg,class5
class13/orange145.jpg,class13
class11/hitam203.jpg,class11
class7/birutua142.jpg,class7
class12/merah49.jpg,class12
class11/hitam150.jpg,class11
class13/orange55.jpg,class13
class9/emas127.jpg,class9
class6/birulangit94.jpg,class6
class1/putih64.jpg,class1
class12/merah89.jpg,class12
class8/coklat144.jpg,class8
class13/orange162.jpg,class13
class6/birulangit10.jpg,class6
class12/merah28.jpg,class12
class6/birulangit166.jpg,class6
class6/birulangit148.jpg,class6
class1/putih73.jpg,class1
class10/hijautua103.jpg,class10
class11/hitam21.jpg,class11
class12/merah201.jpg,class12
class9/emas109.jpg,class9
class12/merah183.jpg,class12
class8/coklat91.jpg,class8
class13/orange7.jpg,class13
class3/kuning28.jpg,class3
class10/hijautua14.jpg,class10
class8/coklat81.jpg,class8
class4/kuning_campuran74.jpg,class4
class7/birutua57.jpg,class7
class4/kuning_campuran51.jpg,class4
class6/birulangit137.jpg,class6
class6/birulangit105.jpg,class6
class9/emas145.jpg,class9
class10/hijautua27.jpg,class10
class12/merah10.jpg,class12
class11/hitam20.jpg,class11
class12/merah141.jpg,class12
class1/putih91.jpg,class1
class1/putih129.jpg,class1
class7/birutua84.jpg,class7
class5/hijaumuda135.jpg,class5
class1/putih114.jpg,class1
class7/birutua59.jpg,class7
class6/birulangit33.jpg,class6
class2/putih_campuran53.jpg,class2
class5/hijaumuda230.jpg,class5
class2/putih_campuran70.jpg,class2
class7/birutua20.jpg,class7
class1/putih171.jpg,class1
class6/birulangit99.jpg,class6
class9/emas42.jpg,class9
class12/merah136.jpg,class12
class7/birutua75.jpg,class7
class13/orange90.jpg,class13
class4/kuning_campuran116.jpg,class4
class9/emas170.jpg,class9
class9/emas176.jpg,class9
class10/hijautua113.jpg,class10
class8/coklat145.jpg,class8
class11/hitam127.jpg,class11
class6/birulangit104.jpg,class6
class2/putih_campuran111.jpg,class2
class3/kuning180.jpg,class3
class13/orange172.jpg,class13
class11/hitam77.jpg,class11
class6/birulangit63.jpg,class6
class5/hijaumuda10.jpg,class5
class5/hijaumuda117.jpg,class5
class6/birulangit203.jpg,class6
class1/putih84.jpg,class1
class8/coklat172.jpg,class8
class3/kuning111.jpg,class3
class9/emas80.jpg,class9
class6/birulangit112.jpg,class6
class5/hijaumuda173.jpg,class5
class13/orange63.jpg,class13
class5/hijaumuda156.jpg,class5
class13/orange158.jpg,class13
class1/putih95.jpg,class1
class10/hijautua206.jpg,class10
class7/birutua11.jpg,class7
class6/birulangit204.jpg,class6
class1/putih54.jpg,class1
class8/coklat75.jpg,class8
class6/birulangit226.jpg,class6
class12/merah122.jpg,class12
class2/putih_campuran7.jpg,class2
class11/hitam196.jpg,class11
class1/putih9.jpg,class1
class8/coklat175.jpg,class8
class1/putih26.jpg,class1
class8/coklat63.jpg,class8
class1/putih77.jpg,class1
class8/coklat14.jpg,class8
class4/kuning_campuran56.jpg,class4
class7/birutua169.jpg,class7
class5/hijaumuda163.jpg,class5
class12/merah99.jpg,class12
class1/putih103.jpg,class1
class12/merah194.jpg,class12
class12/merah12.jpg,class12
class7/birutua23.jpg,class7
class8/coklat95.jpg,class8
class3/kuning112.jpg,class3
class11/hitam68.jpg,class11
class10/hijautua160.jpg,class10
class3/kuning85.jpg,class3
class10/hijautua55.jpg,class10
class13/orange62.jpg,class13
class12/merah169.jpg,class12
class3/kuning151.jpg,class3
class12/merah77.jpg,class12
class13/orange73.jpg,class13
class1/putih196.jpg,class1
class7/birutua80.jpg,class7
class4/kuning_campuran24.jpg,class4
class12/merah135.jpg,class12
class12/merah105.jpg,class12
class12/merah154.jpg,class12
class13/orange108.jpg,class13
class7/birutua133.jpg,class7
class9/emas126.jpg,class9
class1/putih126.jpg,class1
class11/hitam106.jpg,class11
class7/birutua55.jpg,class7
class4/kuning_campuran60.jpg,class4
class12/merah174.jpg,class12
class2/putih_campuran105.jpg,class2
class2/putih_campuran165.jpg,class2
class8/coklat68.jpg,class8
class5/hijaumuda153.jpg,class5
class13/orange75.jpg,class13
class8/coklat54.jpg,class8
class9/emas87.jpg,class9
class10/hijautua213.jpg,class10
class10/hijautua89.jpg,class10
class13/orange35.jpg,class13
class11/hitam39.jpg,class11
class12/merah78.jpg,class12
class11/hitam92.jpg,class11
class9/emas207.jpg,class9
class9/emas173.jpg,class9
class8/coklat41.jpg,class8
class11/hitam115.jpg,class11
class10/hijautua24.jpg,class10
class9/emas166.jpg,class9
class5/hijaumuda5.jpg,class5
class8/coklat73.jpg,class8
class2/putih_campuran3.jpg,class2
class9/emas159.jpg,class9
class7/birutua94.jpg,class7
class4/kuning_campuran165.jpg,class4
class12/merah186.jpg,class12
class4/kuning_campuran87.jpg,class4
class2/putih_campuran63.jpg,class2
class11/hitam143.jpg,class11
class9/emas79.jpg,class9
class4/kuning_campuran167.jpg,class4
class10/hijautua219.jpg,class10
class3/kuning3.jpg,class3
class13/orange69.jpg,class13
class4/kuning_campuran54.jpg,class4
class13/orange123.jpg,class13
class4/kuning_campuran174.jpg,class4
class11/hitam86.jpg,class11
class4/kuning_campuran194.jpg,class4
class6/birulangit215.jpg,class6
class6/birulangit175.jpg,class6
class3/kuning63.jpg,class3
class7/birutua116.jpg,class7
class8/coklat66.jpg,class8
class11/hitam73.jpg,class11
class5/hijaumuda70.jpg,class5
class10/hijautua62.jpg,class10
class11/hitam131.jpg,class11
class5/hijaumuda130.jpg,class5
class11/hitam33.jpg,class11
class8/coklat42.jpg,class8
class8/coklat150.jpg,class8
class7/birutua154.jpg,class7
class9/emas141.jpg,class9
class4/kuning_campuran201.jpg,class4
class9/emas70.jpg,class9
class5/hijaumuda149.jpg,class5
class6/birulangit35.jpg,class6
class6/birulangit128.jpg,class6
class9/emas63.jpg,class9
class4/kuning_campuran147.jpg,class4
class9/emas202.jpg,class9
class2/putih_campuran134.jpg,class2
class8/coklat139.jpg,class8
class2/putih_campuran75.jpg,class2
class1/putih128.jpg,class1
class11/hitam36.jpg,class11
class2/putih_campuran27.jpg,class2
class4/kuning_campuran4.jpg,class4
class1/putih194.jpg,class1
class8/coklat111.jpg,class8
class9/emas164.jpg,class9
class1/putih155.jpg,class1
class4/kuning_campuran76.jpg,class4
class4/kuning_campuran161.jpg,class4
class6/birulangit143.jpg,class6
class1/putih192.jpg,class1
class2/putih_campuran239.jpg,class2
class5/hijaumuda64.jpg,class5
class1/putih25.jpg,class1
class9/emas204.jpg,class9
class11/hitam112.jpg,class11
class5/hijaumuda3.jpg,class5
class11/hitam141.jpg,class11
class9/emas17.jpg,class9
class7/birutua83.jpg,class7
class12/merah173.jpg,class12
class10/hijautua220.jpg,class10
class4/kuning_campuran191.jpg,class4
class3/kuning66.jpg,class3
class11/hitam145.jpg,class11
class7/birutua166.jpg,class7
class9/emas37.jpg,class9
class2/putih_campuran122.jpg,class2
class1/putih178.jpg,class1
class11/hitam198.jpg,class11
class12/merah127.jpg,class12
class6/birulangit89.jpg,class6
class11/hitam18.jpg,class11
class1/putih143.jpg,class1
class1/putih193.jpg,class1
class2/putih_campuran117.jpg,class2
class12/merah54.jpg,class12
class12/merah172.jpg,class12
class3/kuning193.jpg,class3
class7/birutua177.jpg,class7
class6/birulangit164.jpg,class6
class4/kuning_campuran160.jpg,class4
class13/orange122.jpg,class13
class3/kuning136.jpg,class3
class11/hitam128.jpg,class11
class6/birulangit162.jpg,class6
class13/orange67.jpg,class13
class7/birutua199.jpg,class7
class7/birutua112.jpg,class7
class4/kuning_campuran115.jpg,class4
class1/putih115.jpg,class1
class2/putih_campuran94.jpg,class2
class12/merah21.jpg,class12
class13/orange83.jpg,class13
class3/kuning170.jpg,class3
class8/coklat3.jpg,class8
class9/emas196.jpg,class9
class9/emas15.jpg,class9
class2/putih_campuran136.jpg,class2
class8/coklat78.jpg,class8
class7/birutua77.jpg,class7
class13/orange148.jpg,class13
class2/putih_campuran97.jpg,class2
class2/putih_campuran141.jpg,class2
class2/putih_campuran4.jpg,class2
class4/kuning_campuran26.jpg,class4
class9/emas66.jpg,class9
class6/birulangit34.jpg,class6
class13/orange176.jpg,class13
class4/kuning_campuran105.jpg,class4
class1/putih32.jpg,class1
class2/putih_campuran180.jpg,class2
class9/emas16.jpg,class9
class7/birutua78.jpg,class7
class7/birutua156.jpg,class7
class10/hijautua211.jpg,class10
class11/hitam100.jpg,class11
class3/kuning62.jpg,class3
class5/hijaumuda69.jpg,class5
class13/orange92.jpg,class13
class12/merah100.jpg,class12
class13/orange132.jpg,class13
class11/hitam30.jpg,class11
class13/orange104.jpg,class13
class10/hijautua67.jpg,class10
class9/emas136.jpg,class9
class8/coklat143.jpg,class8
class3/kuning155.jpg,class3
class1/putih86.jpg,class1
class11/hitam187.jpg,class11
class2/putih_campuran221.jpg,class2
class4/kuning_campuran42.jpg,class4
class3/kuning68.jpg,class3
class2/putih_campuran28.jpg,class2
class2/putih_campuran82.jpg,class2
class13/orange127.jpg,class13
class1/putih119.jpg,class1
class10/hijautua79.jpg,class10
class5/hijaumuda118.jpg,class5
class4/kuning_campuran113.jpg,class4
class12/merah170.jpg,class12
class13/orange68.jpg,class13
class11/hitam78.jpg,class11
class2/putih_campuran84.jpg,class2
class3/kuning124.jpg,class3
class8/coklat126.jpg,class8
class4/kuning_campuran122.jpg,class4
class13/orange85.jpg,class13
class8/coklat113.jpg,class8
class10/hijautua5.jpg,class10
class9/emas105.jpg,class9
class9/emas94.jpg,class9
class6/birulangit157.jpg,class6
class12/merah202.jpg,class12
class3/kuning74.jpg,class3
class4/kuning_campuran132.jpg,class4
class2/putih_campuran151.jpg,class2
class3/kuning52.jpg,class3
class4/kuning_campuran44.jpg,class4
class3/kuning32.jpg,class3
class11/hitam88.jpg,class11
class7/birutua19.jpg,class7
class5/hijaumuda50.jpg,class5
class7/birutua193.jpg,class7
class11/hitam159.jpg,class11
class10/hijautua128.jpg,class10
class9/emas91.jpg,class9
class5/hijaumuda76.jpg,class5
class13/orange6.jpg,class13
class5/hijaumuda62.jpg,class5
class5/hijaumuda68.jpg,class5
class3/kuning15.jpg,class3
class5/hijaumuda224.jpg,class5
class5/hijaumuda26.jpg,class5
class1/putih102.jpg,class1
class13/orange53.jpg,class13
class10/hijautua156.jpg,class10
